No.,A,T,C,G,AA,AT,AG,AC,TT,TA,TG,TC,GG,GA,GT,GC,CC,CA,CT,CG,sequence,score
Secquence 2,3,8,1,1,0,3,0,0,3,2,1,1,0,0,1,0,0,1,0,0,TTATTTATGTACT,1
Secquence 3,2,10,1,0,0,2,0,0,6,2,0,1,0,0,0,0,0,0,1,0,TCTTTTTATTTAT,1
Secquence 4,3,8,2,0,1,1,0,0,5,2,0,1,0,0,0,0,0,0,2,0,AATCTTTTATTTC,1
Secquence 6,2,7,3,1,1,0,0,1,4,1,1,1,0,0,0,0,1,0,2,0,GTTCCAATTCTTT,1
Secquence 8,1,6,4,2,0,0,0,1,2,0,1,3,1,0,1,0,0,1,2,0,CTTCTCACTTGGT,1
Secquence 9,6,1,6,0,3,0,0,2,0,1,0,0,0,0,0,0,3,2,1,0,ATCCACCAAAACC,-1
Secquence 10,6,2,4,1,2,1,1,1,0,1,0,1,0,1,0,0,2,2,0,0,ACTAAACCCAGAT,1
Secquence 11,3,5,5,0,0,0,0,3,3,2,0,0,0,0,0,0,1,1,2,0,CATTTTCATCCAC,1
Secquence 19,1,3,3,6,0,0,0,1,0,0,2,1,2,1,3,0,0,0,0,2,CTGTGGCAGTGGC,-1
Secquence 22,1,3,3,6,0,0,0,1,0,0,2,1,2,1,3,0,0,0,0,2,CTGTGGCAGTGGC,1
Secquence 23,6,2,3,2,1,2,1,2,0,1,1,0,0,0,0,1,0,3,0,0,GACACGTAACATA,1
Secquence 25,4,1,5,3,0,0,2,2,0,0,1,0,0,1,0,2,0,3,1,0,CGTCAGACGACAC,1
Secquence 26,3,1,6,3,0,0,1,2,0,0,1,0,0,1,0,2,1,2,1,1,CGTCAGCCGACAC,1
Secquence 28,4,1,3,5,0,0,1,2,0,1,0,0,2,2,1,0,0,1,0,2,AGGACATGGCAGC,1
Secquence 30,2,7,2,2,1,1,0,0,2,1,2,1,0,0,1,1,0,0,2,0,TGTAATCGTTTCT,1
Secquence 31,1,6,3,3,0,0,0,1,1,0,3,1,0,1,2,0,1,0,2,0,TGTGTCTTCCAGT,1
Secquence 36,2,2,7,2,0,0,1,1,0,1,0,1,0,0,0,2,2,1,2,1,CCTCGATCACCGC,1
Secquence 40,2,4,6,1,0,1,0,1,0,0,1,2,0,1,0,0,2,1,3,0,TCCAGTACTCCTC,1
Secquence 41,1,5,6,1,0,0,0,1,2,1,1,1,0,0,0,1,2,0,3,0,CGTCCATTTCTCC,1
Secquence 43,5,1,6,1,2,0,0,3,0,0,0,1,0,0,1,0,2,3,0,0,CCAACACAACCTG,1
Secquence 44,1,6,5,1,0,0,0,1,4,0,0,2,0,1,0,0,1,0,2,1,CTTCTTTTCCAGC,1
Secquence 45,2,5,4,2,0,1,0,1,1,0,1,2,0,2,0,0,1,0,3,0,TCTTCTAGTCCAG,1
Secquence 46,1,5,5,2,0,0,0,1,1,0,1,2,0,1,0,1,1,0,4,0,TCTTCTCGTCCAG,1
Secquence 47,4,5,0,4,0,1,3,0,3,1,0,0,0,3,1,0,0,0,0,0,TGATTTTAGAGAG,1
Secquence 49,1,4,4,4,0,0,0,1,0,0,2,2,1,1,2,0,1,0,2,0,CTCCTGGTCAGTG,1
Secquence 51,2,5,3,3,0,1,1,0,1,1,1,2,0,1,2,0,1,0,0,1,CCTGCTTAGTGAT,1
Secquence 52,4,5,4,0,3,0,0,0,3,1,0,1,0,0,0,0,3,0,1,0,AAAATTTTCCCCT,1
Secquence 53,4,3,3,3,1,0,1,2,0,2,1,0,0,1,2,0,1,0,0,1,CCATGAAGTGCAT,1
Secquence 55,3,8,1,1,0,1,0,1,4,3,1,0,0,0,1,0,0,0,1,0,ATCATTTATTTGT,1
Secquence 56,4,6,3,0,0,2,0,1,3,2,0,1,0,0,0,0,0,2,1,0,ATTTACTATTCAC,1
Secquence 57,1,6,5,1,0,0,0,1,1,0,1,3,0,1,0,0,1,0,4,0,TCTCCTTCTCAGT,1
Secquence 59,1,4,6,2,0,0,0,1,1,0,0,2,0,1,0,1,2,0,3,1,TTCTCCCGCTCAG,1
Secquence 60,3,5,2,3,2,0,0,1,2,0,2,1,0,1,2,0,0,0,1,0,CAAAGTTGTCTTG,1
Secquence 63,3,5,2,3,1,1,0,1,2,1,0,1,2,0,1,0,0,0,1,1,TTATGGGCTTCAA,1
Secquence 64,3,5,3,2,0,2,0,1,2,0,1,1,0,1,0,1,0,2,1,0,TTACACTAGTTCG,1
Secquence 65,1,5,5,2,0,0,0,1,2,0,2,1,0,1,1,0,3,0,1,0,CCAGTTTGTCCCT,1
Secquence 66,2,2,4,5,0,0,1,1,0,1,1,0,1,0,1,2,1,0,1,2,GCCATGTCGCGGA,1
Secquence 67,3,3,2,5,0,0,1,1,0,2,1,0,2,1,2,0,0,0,1,1,AGATGGTCATGGC,1
Secquence 69,3,4,3,3,1,0,1,1,1,1,0,2,2,0,1,0,0,1,1,0,CTGGGAACTTCAT,-1
Secquence 70,1,0,4,8,0,0,1,0,0,0,0,0,4,1,0,2,2,0,0,2,GAGGGGCCGCCGG,-1
Secquence 71,4,3,2,4,2,0,1,1,1,1,1,0,1,0,1,1,0,1,0,1,GTTGGCGAAACAT,-1
Secquence 72,3,3,2,5,0,1,0,1,0,0,2,1,3,2,0,0,0,1,1,0,ACAGGGTAGGTCT,-1
Secquence 77,3,6,3,1,1,1,0,1,2,1,1,1,0,0,1,0,1,0,2,0,TTCTGTTATCCAA,1
Secquence 79,1,2,3,7,0,0,1,0,0,0,0,2,4,0,1,1,0,1,0,2,GGGGCTGGACGCT,-1
Secquence 80,4,1,5,3,1,0,0,2,0,0,0,1,0,2,0,1,1,0,1,3,AAGCAGCGCCTCA,1
Secquence 81,6,2,4,1,1,2,0,2,0,1,0,1,0,0,0,1,0,4,0,0,AATACTACACACG,1
Secquence 82,3,1,5,4,0,0,1,1,0,0,0,1,1,2,0,1,2,1,1,1,AGACCTCCAGGCG,1
Secquence 83,5,3,3,2,1,1,1,1,0,0,1,2,0,1,1,0,0,3,0,0,ACACTGTAAGACT,1
Secquence 85,2,6,2,3,0,0,0,1,2,0,3,1,0,2,1,0,0,0,2,0,AGTCTTTCAGTGT,1
Secquence 86,0,6,4,3,0,0,0,0,3,0,1,2,0,0,2,1,1,0,1,1,CTTCCTTTGTGCG,1
Secquence 88,2,6,4,1,0,1,1,0,2,2,0,2,0,0,0,0,1,0,3,0,GATTCTATTCCTC,1
Secquence 90,4,6,2,1,1,2,0,1,2,3,1,0,0,0,1,0,0,0,1,0,CATTGTTAATATC,1
Secquence 91,3,4,2,4,1,1,1,0,1,1,0,2,1,1,1,0,0,0,1,1,GAGCTTAATCTGG,1
Secquence 92,4,0,5,4,1,0,1,2,0,0,0,0,0,2,0,1,2,1,0,2,GCAAGACGCCCAG,-1
Secquence 99,2,4,5,2,0,0,0,2,0,2,0,1,0,0,2,0,2,0,1,2,TCATGCTGCCCAT,1
Secquence 101,6,3,3,1,1,2,1,1,1,1,0,1,0,1,0,0,0,3,0,0,AGATTAACACTAC,1
Secquence 105,3,1,5,4,0,0,1,2,0,0,0,0,2,0,0,2,1,2,1,1,TCACGGCCACGGA,-1
Secquence 112,4,4,2,3,1,1,1,0,1,1,1,1,1,1,0,1,0,1,1,0,ACTCGGTTAAGAT,1
Secquence 113,4,3,2,4,1,1,1,0,0,1,1,1,2,1,0,1,0,1,1,0,ACTCGGGTAAGAT,-1
Secquence 114,2,3,1,7,0,0,2,0,0,1,1,0,3,1,3,0,0,0,0,1,TGGTGAGATGGGC,-1
Secquence 116,3,4,0,6,0,0,3,0,0,1,2,0,1,1,4,0,0,0,0,0,TGTGATGTGAGGA,-1
Secquence 117,2,4,1,6,0,0,1,0,0,1,2,1,1,1,4,0,0,0,0,1,AGTGTGCTGATGG,-1
Secquence 118,3,2,4,4,0,0,1,1,0,0,0,2,1,1,2,0,1,2,0,1,ACAGACCTGGCTG,-1
Secquence 119,3,4,3,3,0,0,1,1,1,1,1,1,0,1,1,1,0,1,2,0,ACATCTCGTTGAG,1
Secquence 120,4,5,1,3,2,0,0,1,2,1,2,0,0,0,3,0,0,1,0,0,AAACATGTTGTTG,-1
Secquence 121,5,5,1,2,2,1,0,1,2,2,1,0,0,0,2,0,0,1,0,0,AAACATATTGTTG,-1
Secquence 122,3,4,2,4,0,0,1,1,1,1,1,1,1,1,2,0,0,1,1,0,ACATCTGGTTGAG,1
Secquence 123,4,4,3,2,1,0,1,1,1,1,1,1,0,0,2,0,1,1,1,0,AACATCCTGTTGA,1
Secquence 125,1,8,1,3,0,1,0,0,6,1,0,0,1,0,1,1,0,0,0,1,TTTTTTTATGGCG,1
Secquence 127,2,3,2,6,0,0,1,1,1,0,1,0,2,1,2,1,0,1,0,1,TGTTGACGGCAGG,-1
Secquence 129,3,1,3,6,0,0,2,1,0,0,0,1,3,2,0,0,1,1,0,1,GAGGGGCAGACCT,-1
Secquence 130,3,3,3,4,0,1,2,0,0,2,0,1,1,1,1,1,1,0,0,1,CCGATAGGATGCT,-1
Secquence 139,1,2,1,9,0,0,1,0,0,0,2,0,6,0,2,1,0,0,0,0,CGGGGGGTGTGGA,-1
Secquence 140,0,1,3,9,0,0,0,0,0,0,1,0,5,0,1,2,1,0,0,2,GGTGCCGGGCGGG,-1
Secquence 141,1,1,3,8,0,0,0,1,0,0,1,0,5,1,1,1,1,0,0,1,CCGGGCAGGGGTG,-1
Secquence 142,1,3,3,6,0,0,0,1,0,1,1,1,2,0,2,1,0,0,1,2,GCGCTCATGGTGG,-1
Secquence 143,2,1,3,7,0,0,1,1,0,0,0,1,3,2,1,0,1,0,0,2,GCTGAGGGGCCAG,-1
Secquence 144,3,2,4,4,0,0,2,0,0,1,0,1,1,2,1,0,2,0,1,1,AGGATGAGCCTCC,1
Secquence 146,4,1,5,3,1,0,1,2,0,0,0,0,1,2,0,0,2,1,1,1,TCCCAGAACAGGC,1
Secquence 149,2,5,2,4,0,1,1,0,0,1,1,2,0,0,4,0,0,1,0,1,TGTGCTATGACTG,1
Secquence 150,4,4,1,4,1,2,1,0,1,0,1,1,1,2,1,0,0,1,0,0,TAGTACTTGAAGG,-1
Secquence 151,2,2,3,6,0,0,1,0,0,1,1,0,2,0,2,2,0,1,0,2,ATGGCGTGGACGC,-1
Secquence 152,5,1,5,2,1,1,0,2,0,1,0,0,0,1,0,1,1,2,0,2,AGCGCCATACAAC,-1
Secquence 155,3,3,3,4,0,0,1,2,0,1,1,1,0,2,1,0,0,0,1,2,GAGCAGTGCTCAT,1
Secquence 158,6,4,1,2,4,1,0,1,0,1,2,0,0,1,1,0,0,0,1,0,TATGTCAAAAAGT,-1
Secquence 159,5,4,1,3,3,1,1,0,1,1,1,1,0,1,2,0,0,0,0,0,CTATGTTGAAAAG,-1
Secquence 163,0,3,5,5,0,0,0,0,1,0,1,0,3,0,1,1,4,0,0,1,TGGGCCCCCGGTT,-1
Secquence 169,1,2,6,4,0,0,0,1,0,0,1,1,2,1,0,0,4,0,2,0,GGTCTCCCCCAGG,-1
Secquence 171,2,6,1,4,0,0,2,0,2,1,1,1,1,1,2,0,0,0,1,0,TTCTTGTGGAGAT,-1
Secquence 172,3,5,4,1,0,2,0,1,1,0,1,2,0,1,0,0,1,2,1,0,TACCTCACTTAGT,1
Secquence 175,4,2,2,5,1,1,1,1,0,0,1,1,2,2,0,0,0,1,0,1,GCAGGGAAGTACT,-1
Secquence 176,2,2,2,7,0,1,0,1,0,0,1,1,5,1,1,0,0,1,0,0,CAGGGGGGTACTG,-1
Secquence 179,5,3,2,3,2,0,1,1,0,1,1,1,0,1,2,0,0,1,0,1,ATGCAGAAACTGT,-1
Secquence 180,3,2,1,7,0,1,1,0,0,0,1,1,5,1,1,0,0,1,0,0,AGGGGGGACTGTA,-1
Secquence 181,5,1,4,3,1,0,1,3,0,0,1,0,0,2,0,0,0,2,1,1,GCAAGTCACAGAC,-1
Secquence 183,0,2,3,8,0,0,0,0,1,0,1,0,4,0,1,2,1,0,0,2,GCGGGTTGCCGGG,-1
Secquence 184,3,3,0,7,0,0,3,0,0,2,0,0,4,1,2,0,0,0,0,0,TGATGGGGAGGAT,-1
Secquence 186,0,0,5,8,0,0,0,0,0,0,0,0,3,0,0,4,1,0,0,4,GCGCGGCCGCGGG,-1
Secquence 193,4,2,6,1,1,0,0,2,0,0,0,2,0,0,0,1,1,2,2,1,ACACGCTCCTCAA,1
Secquence 194,6,1,5,1,3,0,0,3,0,0,0,1,0,0,0,1,0,2,1,1,CACGCAACTCAAA,-1
Secquence 195,7,0,5,1,4,0,0,3,0,0,0,0,0,0,0,1,0,3,0,1,CACAAAAACGCAC,-1
Secquence 202,2,5,0,6,0,0,1,0,1,1,3,0,2,1,3,0,0,0,0,0,AGTTGTGGTGGAT,-1
Secquence 203,2,6,0,5,0,0,1,0,2,1,3,0,1,1,3,0,0,0,0,0,AGTTGTTGTGGAT,-1
Secquence 204,3,4,0,6,0,1,2,0,1,0,2,0,2,2,2,0,0,0,0,0,TAGTTGGAGTGGA,-1
Secquence 205,3,4,3,3,0,0,0,3,1,1,2,0,0,1,2,0,0,1,0,1,CACATGCAGTTGT,1
